INSERT INTO log (id, datetime) VALUES (0, '2021-12-14 09:25:12.000000');
INSERT INTO log (id, datetime) VALUES (1, '2021-12-14 00:13:52.000000');
INSERT INTO log (id, datetime) VALUES (2, '2021-12-14 16:40:57.000000');
INSERT INTO log (id, datetime) VALUES (3, '2021-12-14 11:38:06.000000');
INSERT INTO log (id, datetime) VALUES (4, '2021-12-14 03:16:06.000000');
INSERT INTO log (id, datetime) VALUES (5, '2021-12-14 08:40:14.000000');
INSERT INTO log (id, datetime) VALUES (6, '2021-12-14 06:43:33.000000');
INSERT INTO log (id, datetime) VALUES (7, '2021-12-14 05:30:47.000000');
INSERT INTO log (id, datetime) VALUES (8, '2021-12-14 22:47:05.000000');
INSERT INTO log (id, datetime) VALUES (9, '2021-12-14 19:20:25.000000');
INSERT INTO log (id, datetime) VALUES (10, '2021-12-14 19:59:26.000000');
INSERT INTO log (id, datetime) VALUES (11, '2021-12-14 06:56:45.000000');
INSERT INTO log (id, datetime) VALUES (12, '2021-12-14 17:23:08.000000');
INSERT INTO log (id, datetime) VALUES (13, '2021-12-14 22:16:49.000000');
INSERT INTO log (id, datetime) VALUES (14, '2021-12-14 07:20:52.000000');
INSERT INTO log (id, datetime) VALUES (15, '2021-12-14 17:32:01.000000');
INSERT INTO log (id, datetime) VALUES (16, '2021-12-14 10:11:58.000000');
INSERT INTO log (id, datetime) VALUES (17, '2021-12-14 06:19:30.000000');
INSERT INTO log (id, datetime) VALUES (18, '2021-12-14 02:47:47.000000');
INSERT INTO log (id, datetime) VALUES (19, '2021-12-14 01:10:52.000000');
INSERT INTO log (id, datetime) VALUES (20, '2021-12-14 17:11:11.000000');
INSERT INTO log (id, datetime) VALUES (21, '2021-12-14 10:05:59.000000');
INSERT INTO log (id, datetime) VALUES (22, '2021-12-14 04:35:02.000000');
INSERT INTO log (id, datetime) VALUES (23, '2021-12-14 00:37:06.000000');
INSERT INTO log (id, datetime) VALUES (24, '2021-12-14 15:11:05.000000');
INSERT INTO log (id, datetime) VALUES (25, '2021-12-14 23:25:30.000000');
INSERT INTO log (id, datetime) VALUES (26, '2021-12-14 12:15:39.000000');
INSERT INTO log (id, datetime) VALUES (27, '2021-12-14 08:29:00.000000');
INSERT INTO log (id, datetime) VALUES (28, '2021-12-14 11:11:38.000000');
INSERT INTO log (id, datetime) VALUES (29, '2021-12-14 02:49:54.000000');
INSERT INTO log (id, datetime) VALUES (30, '2021-12-14 14:02:33.000000');

INSERT INTO rawlogt (id) VALUES (0);

INSERT INTO rawlog (id, value) VALUES (0, 'mylog 2021-12-14 09:25:12.000000 127.168.0.105 OK');
INSERT INTO rawlog (id, value) VALUES (1, 'mylog 2021-12-14 00:13:52.000000 127.168.0.170 OK');
INSERT INTO rawlog (id, value) VALUES (2, 'mylog 2021-12-14 16:40:57.000000 127.168.0.64 OK');
INSERT INTO rawlog (id, value) VALUES (3, 'mylog 2021-12-14 11:38:06.000000 127.168.0.76 TEST');
INSERT INTO rawlog (id, value) VALUES (4, 'mylog 2021-12-14 03:16:06.000000 127.168.0.220 OK');
INSERT INTO rawlog (id, value) VALUES (5, 'mylog 2021-12-14 08:40:14.000000 127.168.0.117 OK');
INSERT INTO rawlog (id, value) VALUES (6, 'mylog 2021-12-14 06:43:33.000000 127.168.0.191 OK');
INSERT INTO rawlog (id, value) VALUES (7, 'mylog 2021-12-14 05:30:47.000000 127.168.0.71 OK');
INSERT INTO rawlog (id, value) VALUES (8, 'mylog 2021-12-14 22:47:05.000000 127.168.0.219 ERROR');
INSERT INTO rawlog (id, value) VALUES (9, 'mylog 2021-12-14 19:20:25.000000 127.168.0.126 OK');
INSERT INTO rawlog (id, value) VALUES (10, 'mylog 2021-12-14 19:59:26.000000 127.168.0.12 OK');
INSERT INTO rawlog (id, value) VALUES (11, 'mylog 2021-12-14 06:56:45.000000 127.168.0.125 OK');
INSERT INTO rawlog (id, value) VALUES (12, 'mylog 2021-12-14 17:23:08.000000 127.168.0.191 OK');
INSERT INTO rawlog (id, value) VALUES (13, 'mylog 2021-12-14 22:16:49.000000 127.168.0.21 OK');
INSERT INTO rawlog (id, value) VALUES (14, 'mylog 2021-12-14 07:20:52.000000 127.168.0.100 ERROR');
INSERT INTO rawlog (id, value) VALUES (15, 'mylog 2021-12-14 17:32:01.000000 127.168.0.73 OK');
INSERT INTO rawlog (id, value) VALUES (16, 'mylog 2021-12-14 10:11:58.000000 127.168.0.227 OK');
INSERT INTO rawlog (id, value) VALUES (17, 'mylog 2021-12-14 06:19:30.000000 127.168.0.182 OK');
INSERT INTO rawlog (id, value) VALUES (18, 'mylog 2021-12-14 02:47:47.000000 127.168.0.61 OK');
INSERT INTO rawlog (id, value) VALUES (19, 'mylog 2021-12-14 01:10:52.000000 127.168.0.132 TEST');
INSERT INTO rawlog (id, value) VALUES (20, 'mylog 2021-12-14 17:11:11.000000 127.168.0.33 OK');
INSERT INTO rawlog (id, value) VALUES (21, 'mylog 2021-12-14 10:05:59.000000 127.168.0.146 OK');
INSERT INTO rawlog (id, value) VALUES (22, 'mylog 2021-12-14 04:35:02.000000 127.168.0.21 OK');
INSERT INTO rawlog (id, value) VALUES (23, 'mylog 2021-12-14 00:37:06.000000 127.168.0.221 OK');
INSERT INTO rawlog (id, value) VALUES (24, 'mylog 2021-12-14 15:11:05.000000 127.168.0.105 WAIT');
INSERT INTO rawlog (id, value) VALUES (25, 'mylog 2021-12-14 23:25:30.000000 127.168.0.209 OK');
INSERT INTO rawlog (id, value) VALUES (26, 'mylog 2021-12-14 12:15:39.000000 127.168.0.82 OK');
INSERT INTO rawlog (id, value) VALUES (27, 'mylog 2021-12-14 08:29:00.000000 127.168.0.179 OK');
INSERT INTO rawlog (id, value) VALUES (28, 'mylog 2021-12-14 11:11:38.000000 127.168.0.255 OK');
INSERT INTO rawlog (id, value) VALUES (29, 'mylog 2021-12-14 02:49:54.000000 127.168.0.13 OK');
INSERT INTO rawlog (id, value) VALUES (30, 'mylog 2021-12-14 14:02:33.000000 127.168.0.124 ERROR');

INSERT INTO token (id, idlog, idtokentype, value) VALUES (1, 0, 1, '127.168.0.105');
INSERT INTO token (id, idlog, idtokentype, value) VALUES (2, 1, 1, '127.168.0.170');
INSERT INTO token (id, idlog, idtokentype, value) VALUES (3, 2, 1, '127.168.0.64');
INSERT INTO token (id, idlog, idtokentype, value) VALUES (4, 3, 1, '127.168.0.76');
INSERT INTO token (id, idlog, idtokentype, value) VALUES (5, 4, 1, '127.168.0.220');
INSERT INTO token (id, idlog, idtokentype, value) VALUES (6, 5, 1, '127.168.0.117');
INSERT INTO token (id, idlog, idtokentype, value) VALUES (7, 6, 1, '127.168.0.191');
INSERT INTO token (id, idlog, idtokentype, value) VALUES (8, 7, 1, '127.168.0.71');
INSERT INTO token (id, idlog, idtokentype, value) VALUES (9, 8, 1, '127.168.0.219');
INSERT INTO token (id, idlog, idtokentype, value) VALUES (10, 9, 1, '127.168.0.126');
INSERT INTO token (id, idlog, idtokentype, value) VALUES (11, 10, 1, '127.168.0.12');
INSERT INTO token (id, idlog, idtokentype, value) VALUES (12, 11, 1, '127.168.0.125');
INSERT INTO token (id, idlog, idtokentype, value) VALUES (13, 12, 1, '127.168.0.191');
INSERT INTO token (id, idlog, idtokentype, value) VALUES (14, 13, 1, '127.168.0.21');
INSERT INTO token (id, idlog, idtokentype, value) VALUES (15, 14, 1, '127.168.0.100');
INSERT INTO token (id, idlog, idtokentype, value) VALUES (16, 15, 1, '127.168.0.73');
INSERT INTO token (id, idlog, idtokentype, value) VALUES (17, 16, 1, '127.168.0.227');
INSERT INTO token (id, idlog, idtokentype, value) VALUES (18, 17, 1, '127.168.0.182');
INSERT INTO token (id, idlog, idtokentype, value) VALUES (19, 18, 1, '127.168.0.61');
INSERT INTO token (id, idlog, idtokentype, value) VALUES (20, 19, 1, '127.168.0.132');
INSERT INTO token (id, idlog, idtokentype, value) VALUES (21, 20, 1, '127.168.0.33');
INSERT INTO token (id, idlog, idtokentype, value) VALUES (22, 21, 1, '127.168.0.146');
INSERT INTO token (id, idlog, idtokentype, value) VALUES (23, 22, 1, '127.168.0.21');
INSERT INTO token (id, idlog, idtokentype, value) VALUES (24, 23, 1, '127.168.0.221');
INSERT INTO token (id, idlog, idtokentype, value) VALUES (25, 24, 1, '127.168.0.209');
INSERT INTO token (id, idlog, idtokentype, value) VALUES (26, 25, 1, '127.168.0.82');
INSERT INTO token (id, idlog, idtokentype, value) VALUES (27, 26, 1, '127.168.0.179');
INSERT INTO token (id, idlog, idtokentype, value) VALUES (28, 27, 1, '127.168.0.255');
INSERT INTO token (id, idlog, idtokentype, value) VALUES (29, 28, 1, '127.168.0.13');
INSERT INTO token (id, idlog, idtokentype, value) VALUES (30, 29, 1, '127.168.0.124');
